Timestamp,Location,Provider,Service_Type,api_calls,clouds,distance_max,distance_mean,distance_min,humidity,price_max,price_mean,price_min,rain,surge_max,surge_mean,surge_min,temp,wind
2018-11-26 06:00:00+00:00,Boston University,Lyft,Lyft,12.0,0.9906666666666668,3.13,2.645833333333333,1.49,0.9133333333333334,16.5,10.25,7.0,0.0,1.75,1.0625,1.0,40.52133333333334,1.2746666666666664
2018-11-26 07:00:00+00:00,Boston University,Lyft,Lyft,2.0,0.975,4.67,3.64,2.61,0.92,13.5,12.25,11.0,0.0,1.0,1.0,1.0,41.040000000000006,1.6975
2018-11-26 08:00:00+00:00,Boston University,Lyft,Lyft,1.0,0.98,2.96,2.96,2.96,0.9233333333333332,13.5,13.5,13.5,0.0,1.25,1.25,1.25,40.836666666666666,1.33
2018-11-26 09:00:00+00:00,Boston University,Lyft,Lyft,8.0,1.0,4.69,2.95875,1.54,0.9275,16.5,11.25,7.0,0.0,1.5,1.0625,1.0,40.8925,1.5324999999999998
2018-11-26 10:00:00+00:00,Boston University,Lyft,Lyft,8.0,0.995,4.75,3.11625,1.53,0.94,13.5,10.9375,7.0,0.0,1.25,1.03125,1.0,40.635000000000005,1.97
2018-11-26 11:00:00+00:00,Boston University,Lyft,Lyft,12.0,0.955,4.55,2.9791666666666674,1.45,0.945,13.5,10.25,7.0,0.0,1.0,1.0,1.0,40.055,2.13
2018-11-26 12:00:00+00:00,Boston University,Lyft,Lyft,3.0,0.935,3.43,2.9433333333333334,2.67,0.945,13.5,12.0,9.0,0.0,1.5,1.1666666666666667,1.0,40.17,2.825
2018-11-26 13:00:00+00:00,Boston University,Lyft,Lyft,8.0,0.91,4.58,2.76,1.5,0.915,13.5,10.0,7.0,0.0,1.25,1.0625,1.0,41.77,3.545
2018-11-26 14:00:00+00:00,Boston University,Lyft,Lyft,2.0,0.91,3.06,2.5700000000000003,2.08,0.91,9.0,9.0,9.0,0.0103,1.0,1.0,1.0,42.55,2.905
2018-11-26 15:00:00+00:00,Boston University,Lyft,Lyft,9.0,0.92,4.71,3.751111111111111,2.97,0.905,13.5,11.38888888888889,9.0,0.0,1.0,1.0,1.0,43.495,4.029999999999999
2018-11-26 16:00:00+00:00,Boston University,Lyft,Lyft,11.0,0.915,4.65,3.319090909090909,1.9,0.88,16.5,12.136363636363637,10.5,0.0,1.75,1.0909090909090908,1.0,44.755,4.91
2018-11-26 17:00:00+00:00,Boston University,Lyft,Lyft,6.0,0.99,3.16,2.228333333333333,1.49,0.855,11.0,8.916666666666666,7.0,0.0,1.0,1.0,1.0,45.52,6.17
2018-11-26 18:00:00+00:00,Boston University,Lyft,Lyft,6.0,0.985,3.53,2.556666666666666,1.5,0.875,11.0,9.166666666666666,7.0,0.0,1.0,1.0,1.0,45.28,5.405
2018-11-26 19:00:00+00:00,Boston University,Lyft,Lyft,10.0,0.945,4.6,3.332,2.65,0.835,27.5,13.85,10.5,0.0,2.5,1.25,1.0,45.93000000000001,8.379999999999999
2018-11-26 20:00:00+00:00,Boston University,Lyft,Lyft,11.0,0.93,4.56,3.1481818181818184,1.49,0.83,26.0,11.818181818181818,7.0,0.0,2.0,1.1136363636363635,1.0,45.335,8.655
2018-11-26 21:00:00+00:00,Boston University,Lyft,Lyft,12.0,0.955,4.33,2.6316666666666664,1.46,0.85,13.5,10.083333333333334,7.0,0.0026,1.5,1.0625,1.0,44.685,9.18
2018-11-26 22:00:00+00:00,Boston University,Lyft,Lyft,12.0,0.978,4.6,3.278333333333333,1.49,0.876,13.5,11.083333333333334,7.0,0.01518,1.0,1.0,1.0,44.598,8.71
2018-11-26 23:00:00+00:00,Boston University,Lyft,Lyft,13.0,0.98,4.74,3.2192307692307693,1.49,0.885,16.5,11.423076923076923,9.0,0.1038,1.5,1.0769230769230769,1.0,44.395,9.39
2018-11-27 00:00:00+00:00,Boston University,Lyft,Lyft,35.0,0.98625,4.71,2.983714285714286,1.46,0.905,13.5,10.428571428571429,7.0,0.14525,1.25,1.0214285714285714,1.0,43.9225,10.0275
2018-11-27 01:00:00+00:00,Boston University,Lyft,Lyft,19.0,0.9925,4.66,3.0568421052631582,1.48,0.9,13.5,10.657894736842104,7.0,0.237325,1.5,1.0526315789473684,1.0,44.11,11.5275
2018-11-27 02:00:00+00:00,Boston University,Lyft,Lyft,26.0,0.995,4.66,3.051538461538461,1.45,0.895,16.5,11.326923076923077,7.0,0.14035,1.75,1.0865384615384617,1.0,44.045,12.25
2018-11-27 03:00:00+00:00,Boston University,Lyft,Lyft,22.0,0.995,4.72,3.147727272727273,1.49,0.895,16.5,11.318181818181818,7.0,0.2023499999999999,1.5,1.068181818181818,1.0,44.235,12.51
2018-11-27 04:00:00+00:00,Boston University,Lyft,Lyft,15.0,1.0,4.71,3.2153333333333336,1.49,0.9,13.5,10.466666666666669,7.0,0.0675,1.25,1.0166666666666666,1.0,44.120000000000005,13.495
2018-11-27 05:00:00+00:00,Boston University,Lyft,Lyft,16.0,1.0,4.69,3.0074999999999994,1.51,0.89,16.5,10.59375,7.0,0.0219666666666666,1.25,1.015625,1.0,44.26333333333333,13.97
2018-11-27 06:00:00+00:00,Boston University,Lyft,Lyft,13.0,1.0,4.71,3.146153846153846,1.5,0.91,16.5,10.923076923076923,7.0,0.01585,1.25,1.0192307692307692,1.0,44.315,12.075
2018-11-27 07:00:00+00:00,Boston University,Lyft,Lyft,22.0,1.0,4.69,3.2327272727272724,1.54,0.91,16.5,11.113636363636363,7.0,0.01315,1.5,1.0227272727272727,1.0,43.78,11.4
2018-11-27 08:00:00+00:00,Boston University,Lyft,Lyft,15.0,1.0,4.71,3.33,2.62,0.925,16.5,11.133333333333333,9.0,0.016,1.5,1.0333333333333334,1.0,43.885,10.42
2018-11-27 09:00:00+00:00,Boston University,Lyft,Lyft,26.0,1.0,4.57,2.878461538461538,1.53,0.95,27.5,11.211538461538462,7.0,0.0167,2.5,1.0961538461538465,1.0,44.325,9.145
2018-11-27 10:00:00+00:00,Boston University,Lyft,Lyft,17.0,0.99,4.72,3.2988235294117647,1.45,0.965,19.5,11.735294117647058,7.0,0.0165,2.0,1.088235294117647,1.0,44.695,5.744999999999999
2018-11-27 11:00:00+00:00,Boston University,Lyft,Lyft,12.0,0.975,4.66,3.254166666666667,2.66,0.965,13.5,11.125,9.0,0.001,1.0,1.0,1.0,44.705,3.0700000000000003
2018-11-27 12:00:00+00:00,Boston University,Lyft,Lyft,29.0,0.985,4.68,3.2548275862068965,1.49,0.93,16.5,11.241379310344827,7.0,0.0,1.5,1.0258620689655171,1.0,45.06,2.82
2018-11-27 13:00:00+00:00,Boston University,Lyft,Lyft,23.0,0.955,4.45,2.888695652173914,1.48,0.91,16.5,10.26086956521739,7.0,0.0,1.5,1.0217391304347827,1.0,44.665000000000006,5.365
2018-11-27 14:00:00+00:00,Boston University,Lyft,Lyft,13.0,0.945,4.68,3.2553846153846155,1.49,0.89,13.5,10.615384615384617,7.0,0.0,1.25,1.0192307692307692,1.0,43.695,10.835
2018-11-27 15:00:00+00:00,Boston University,Lyft,Lyft,16.0,0.995,4.75,3.2837499999999995,2.66,0.875,19.5,11.3125,9.0,0.00165,1.75,1.078125,1.0,41.03,10.515
2018-11-27 16:00:00+00:00,Boston University,Lyft,Lyft,16.0,0.955,4.69,3.305,1.53,0.83,19.5,11.4375,7.0,0.0,1.75,1.046875,1.0,41.18000000000001,11.11
2018-11-27 17:00:00+00:00,Boston University,Lyft,Lyft,21.0,0.915,4.62,3.2333333333333334,1.95,0.795,22.5,12.214285714285714,7.0,0.0,2.5,1.130952380952381,1.0,41.265,10.635
2018-11-27 18:00:00+00:00,Boston University,Lyft,Lyft,15.0,0.8300000000000001,4.76,3.333333333333334,1.53,0.76,16.5,10.966666666666669,7.0,0.0,1.25,1.0166666666666666,1.0,41.540000000000006,11.61
2018-11-27 19:00:00+00:00,Boston University,Lyft,Lyft,26.0,0.8,4.64,2.868076923076923,1.48,0.725,16.5,10.576923076923077,7.0,0.0,2.0,1.1153846153846154,1.0,42.67,9.325
2018-11-27 20:00:00+00:00,Boston University,Lyft,Lyft,20.0,0.6799999999999999,4.69,3.0315,1.5,0.71,13.5,10.725,7.0,0.00115,1.25,1.025,1.0,43.07,8.43
2018-11-27 21:00:00+00:00,Boston University,Lyft,Lyft,20.0,0.6000000000000001,4.73,2.983,1.46,0.705,16.5,10.9,7.0,0.0,1.75,1.0625,1.0,42.005,9.145
2018-11-27 22:00:00+00:00,Boston University,Lyft,Lyft,18.0,0.505,4.72,3.330555555555556,1.48,0.715,16.5,11.944444444444445,7.0,0.0,1.75,1.0972222222222223,1.0,40.905,10.43
2018-11-27 23:00:00+00:00,Boston University,Lyft,Lyft,31.0,0.195,4.73,3.261290322580644,1.49,0.715,26.0,11.870967741935484,7.0,0.0,2.0,1.1048387096774193,1.0,39.595,8.405000000000001
2018-11-28 00:00:00+00:00,Boston University,Lyft,Lyft,21.0,0.09,4.73,2.991428571428572,1.48,0.72,16.5,10.928571428571429,7.0,0.0,1.5,1.0714285714285714,1.0,39.075,8.015
2018-11-28 01:00:00+00:00,Boston University,Lyft,Lyft,8.0,,4.65,3.45,1.49,,13.5,11.5625,7.0,,1.0,1.0,1.0,,
2018-11-28 02:00:00+00:00,Boston University,Lyft,Lyft,,,,,,,13.5,11.483258928571429,7.0,,,,,,
2018-11-28 03:00:00+00:00,Boston University,Lyft,Lyft,,,,,,,13.5,11.404017857142858,7.0,,,,,,
2018-11-28 04:00:00+00:00,Boston University,Lyft,Lyft,,,,,,,13.5,11.324776785714286,7.0,,,,,,
2018-11-28 05:00:00+00:00,Boston University,Lyft,Lyft,,,,,,,13.5,11.245535714285715,7.0,,,,,,
2018-11-28 06:00:00+00:00,Boston University,Lyft,Lyft,,,,,,,13.5,11.166294642857142,7.0,,,,,,
2018-11-28 07:00:00+00:00,Boston University,Lyft,Lyft,2.0,0.2538461538461538,4.51,3.755,3.0,0.7946153846153845,13.5,11.087053571428571,7.0,0.0,1.0,1.0,1.0,34.940769230769234,6.18923076923077
2018-11-28 08:00:00+00:00,Boston University,Lyft,Lyft,,,,,,,13.5,11.0078125,7.0,,,,,,
2018-11-28 09:00:00+00:00,Boston University,Lyft,Lyft,21.0,0.3399999999999999,4.72,3.288095238095239,1.49,0.8275,13.5,10.928571428571429,7.0,0.0,1.0,1.0,1.0,33.63250000000001,6.0175
2018-11-28 10:00:00+00:00,Boston University,Lyft,Lyft,24.0,0.1433333333333333,4.59,2.9716666666666662,1.49,0.8250000000000001,16.5,10.666666666666666,7.0,0.0,1.5,1.0208333333333333,1.0,33.48499999999999,5.62
2018-11-28 11:00:00+00:00,Boston University,Lyft,Lyft,32.0,0.3866666666666667,4.61,2.981875,1.5,0.83,22.5,10.90625,7.0,0.0,1.75,1.03125,1.0,32.95333333333334,6.4366666666666665
2018-11-28 12:00:00+00:00,Boston University,Lyft,Lyft,43.0,0.7833333333333333,4.58,3.2344186046511623,1.48,0.7466666666666667,32.5,11.953488372093023,7.0,0.0,2.5,1.052325581395349,1.0,35.01,6.77
2018-11-28 13:00:00+00:00,Boston University,Lyft,Lyft,29.0,0.6033333333333334,4.7,2.912413793103448,1.45,0.6966666666666667,16.5,10.70689655172414,7.0,0.0,1.75,1.0603448275862069,1.0,37.27,6.293333333333333
2018-11-28 14:00:00+00:00,Boston University,Lyft,Lyft,32.0,0.4666666666666666,4.72,3.1784375000000007,1.5,0.67,19.5,11.328125,9.0,0.0,1.25,1.0390625,1.0,38.54,11.483333333333333
2018-11-28 15:00:00+00:00,Boston University,Lyft,Lyft,27.0,0.2966666666666667,4.75,3.295555555555556,1.49,0.6533333333333333,19.5,11.75925925925926,7.0,0.0,1.75,1.0555555555555556,1.0,39.553333333333335,9.19
2018-11-28 16:00:00+00:00,Boston University,Lyft,Lyft,30.0,0.6333333333333333,4.72,3.089,1.49,0.6266666666666666,22.5,11.35,7.0,0.0,2.0,1.0666666666666669,1.0,41.01666666666667,10.086666666666668
2018-11-28 17:00:00+00:00,Boston University,Lyft,Lyft,35.0,0.89,4.72,3.1940000000000004,1.52,0.63,16.5,10.7,9.0,0.0006666666666666,1.5,1.0357142857142858,1.0,41.34333333333333,9.446666666666667
2018-11-28 18:00:00+00:00,Boston University,Lyft,Lyft,33.0,0.9633333333333332,4.69,3.086666666666667,1.49,0.6333333333333333,22.5,11.56060606060606,7.0,0.001,1.75,1.068181818181818,1.0,41.23666666666667,9.78
2018-11-28 19:00:00+00:00,Boston University,Lyft,Lyft,17.0,1.0,4.72,3.118823529411765,1.49,0.6466666666666666,13.5,10.5,7.0,0.0,1.25,1.0441176470588236,1.0,40.95,9.513333333333334
2018-11-28 20:00:00+00:00,Boston University,Lyft,Lyft,16.0,0.9866666666666668,3.82,2.7118750000000005,1.49,0.64,13.5,10.1875,7.0,0.0,1.25,1.03125,1.0,41.25666666666667,9.516666666666667
2018-11-28 21:00:00+00:00,Boston University,Lyft,Lyft,25.0,0.875,4.72,2.81,1.49,0.64,16.5,10.3,7.0,0.0,2.0,1.06,1.0,40.68750000000001,9.13
2018-11-28 22:00:00+00:00,Boston University,Lyft,Lyft,39.0,0.8666666666666667,4.72,2.922051282051282,1.46,0.64,19.5,10.948717948717947,7.0,0.0,2.0,1.0769230769230769,1.0,40.236666666666665,9.576666666666666
2018-11-28 23:00:00+00:00,Boston University,Lyft,Lyft,32.0,0.8683333333333335,4.76,3.020937499999999,1.49,0.6566666666666667,16.5,10.96875,7.0,0.0,2.0,1.0546875,1.0,39.52333333333333,10.331666666666669
2018-11-29 00:00:00+00:00,Boston University,Lyft,Lyft,35.0,0.7542857142857143,4.73,3.1188571428571423,1.48,0.6885714285714286,22.5,11.414285714285716,7.0,0.0,2.0,1.0642857142857145,1.0,38.81285714285714,10.265714285714283
2018-11-29 01:00:00+00:00,Boston University,Lyft,Lyft,46.0,0.619,4.75,3.101304347826088,1.49,0.708,19.5,10.91304347826087,7.0,0.0,1.75,1.0434782608695652,1.0,38.529,10.035
2018-11-29 02:00:00+00:00,Boston University,Lyft,Lyft,18.0,0.4471428571428571,4.65,3.210555555555556,1.49,0.7042857142857144,16.5,11.0,7.0,0.0,1.25,1.0277777777777777,1.0,38.30142857142857,10.27
2018-11-29 03:00:00+00:00,Boston University,Lyft,Lyft,35.0,0.4266666666666667,4.74,3.165999999999999,1.48,0.7033333333333333,16.5,11.185714285714283,7.0,0.0,1.5,1.0285714285714285,1.0,37.77333333333333,10.88
2018-11-29 04:00:00+00:00,Boston University,Lyft,Lyft,33.0,0.4888888888888889,4.76,3.123030303030303,1.45,0.7044444444444445,22.5,11.166666666666666,7.0,0.0,2.0,1.0606060606060606,1.0,37.72,9.56777777777778
2018-11-29 05:00:00+00:00,Boston University,Lyft,Lyft,4.0,0.44,4.61,2.93,1.45,0.7,13.5,12.0,10.5,0.0,1.75,1.1875,1.0,38.03,9.93
2018-11-29 06:00:00+00:00,Boston University,Lyft,Lyft,14.0,0.7585714285714286,4.66,3.2742857142857145,2.64,0.6957142857142858,16.5,11.642857142857142,9.0,0.0,1.5,1.0892857142857142,1.0,37.81142857142857,10.125714285714285
2018-11-29 07:00:00+00:00,Boston University,Lyft,Lyft,13.0,0.81,4.64,3.339230769230769,1.49,0.69,13.5,11.153846153846152,7.0,0.0,1.5,1.0384615384615383,1.0,38.03,9.77
2018-11-29 08:00:00+00:00,Boston University,Lyft,Lyft,10.0,0.63,3.93,2.665,1.5,0.69,13.5,9.9,7.0,0.0,1.25,1.05,1.0,37.7,9.95
2018-11-29 09:00:00+00:00,Boston University,Lyft,Lyft,16.0,0.53,4.7,3.3181250000000007,1.5,0.69,13.5,11.28125,7.0,0.0,1.0,1.0,1.0,37.06,9.37
2018-11-29 10:00:00+00:00,Boston University,Lyft,Lyft,12.0,0.06,3.46,2.6425,1.5,0.7,13.5,10.458333333333334,7.0,0.0,1.25,1.0208333333333333,1.0,36.55,8.64
2018-11-29 11:00:00+00:00,Boston University,Lyft,Lyft,14.0,0.24,4.59,3.075,1.49,0.68,13.5,10.464285714285714,7.0,0.0,1.0,1.0,1.0,37.2,8.51
2018-11-29 12:00:00+00:00,Boston University,Lyft,Lyft,5.0,0.29,3.52,2.686,1.5,0.63,10.5,9.2,7.0,0.0,1.0,1.0,1.0,38.97,10.25
2018-11-29 13:00:00+00:00,Boston University,Lyft,Lyft,11.0,0.1,4.45,2.888181818181818,1.53,0.59,13.5,11.227272727272728,7.0,0.003,2.0,1.1363636363636365,1.0,40.94,10.34
2018-11-29 14:00:00+00:00,Boston University,Lyft,Lyft,19.0,0.17,4.67,3.043684210526316,1.49,0.57,19.5,11.210526315789474,7.0,0.0,1.75,1.0657894736842106,1.0,41.89,10.25
2018-11-29 15:00:00+00:00,Boston University,Lyft,Lyft,10.0,0.57,4.7,3.313999999999999,1.51,0.55,13.5,10.95,7.0,0.0,1.25,1.025,1.0,43.52,11.11
2018-11-29 16:00:00+00:00,Boston University,Lyft,Lyft,15.0,0.58,4.61,3.038666666666667,1.49,0.53,16.5,11.933333333333334,7.0,0.0,1.75,1.15,1.0,44.1,11.38
2018-11-29 17:00:00+00:00,Boston University,Lyft,Lyft,14.0,0.73,4.61,2.9978571428571428,1.48,0.52,13.5,10.357142857142858,7.0,0.0,1.5,1.0535714285714286,1.0,44.1,11.04
2018-11-29 18:00:00+00:00,Boston University,Lyft,Lyft,8.0,0.4,3.54,3.0125,2.66,0.53,13.5,10.875,9.0,0.0,1.25,1.03125,1.0,43.11,11.09
2018-11-29 19:00:00+00:00,Boston University,Lyft,Lyft,9.0,0.59,4.64,3.1077777777777778,1.49,0.54,13.5,10.944444444444445,9.0,0.0,1.25,1.0277777777777777,1.0,42.65,10.55
2018-11-29 20:00:00+00:00,Boston University,Lyft,Lyft,15.0,0.48,4.73,3.255333333333333,1.45,0.56,16.5,11.933333333333334,7.0,0.0,1.75,1.1,1.0,41.91,10.08
2018-11-29 21:00:00+00:00,Boston University,Lyft,Lyft,13.0,0.345,4.61,3.2130769230769234,1.5,0.59,13.5,10.73076923076923,9.0,0.0,1.0,1.0,1.0,40.8325,9.585
2018-11-29 22:00:00+00:00,Boston University,Lyft,Lyft,8.0,0.25,4.55,2.80625,1.49,0.6,13.5,10.1875,7.0,0.0,1.25,1.03125,1.0,39.68,8.63
2018-11-29 23:00:00+00:00,Boston University,Lyft,Lyft,6.0,0.19,3.04,2.6850000000000005,1.53,0.62,11.0,10.25,7.0,0.0,1.25,1.0416666666666667,1.0,38.97,8.05
2018-11-30 00:00:00+00:00,Boston University,Lyft,Lyft,9.0,0.09,4.37,3.126666666666667,1.48,0.64,26.0,12.72222222222222,9.0,0.0,2.0,1.1111111111111112,1.0,38.33,8.18
2018-11-30 01:00:00+00:00,Boston University,Lyft,Lyft,5.0,0.04,4.03,2.87,1.48,0.66,16.5,11.1,7.0,0.0,1.5,1.1,1.0,37.47,7.78
2018-11-30 02:00:00+00:00,Boston University,Lyft,Lyft,10.0,0.0,3.79,2.743,1.45,0.68,19.5,10.9,7.0,0.0,1.5,1.05,1.0,36.33,6.7
2018-11-30 03:00:00+00:00,Boston University,Lyft,Lyft,16.0,0.06,4.6,3.0125,1.49,0.69,22.5,12.0625,9.0,0.0,2.0,1.15625,1.0,35.86,5.47
2018-11-30 04:00:00+00:00,Boston University,Lyft,Lyft,8.0,0.0,4.71,3.15,1.66,0.7,13.5,10.1875,7.0,0.0,1.0,1.0,1.0,35.07,5.08
2018-11-30 05:00:00+00:00,Boston University,Lyft,Lyft,15.0,0.0,4.66,2.942,1.5,0.73,16.5,10.533333333333331,7.0,0.0,1.5,1.0333333333333334,1.0,34.22,4.74
2018-11-30 06:00:00+00:00,Boston University,Lyft,Lyft,8.0,0.0,4.73,2.825,1.53,0.78,13.5,10.6875,7.0,0.0,1.5,1.0625,1.0,32.45,3.92
2018-11-30 07:00:00+00:00,Boston University,Lyft,Lyft,8.0,0.0,4.73,3.30125,1.55,0.83,13.5,10.6875,7.0,0.0,1.0,1.0,1.0,30.47,2.34
2018-11-30 08:00:00+00:00,Boston University,Lyft,Lyft,9.0,0.0,4.63,3.402222222222222,2.94,0.84,13.5,11.72222222222222,9.0,0.0,1.25,1.0277777777777777,1.0,30.185,2.43
2018-11-30 09:00:00+00:00,Boston University,Lyft,Lyft,10.0,0.02,4.74,2.709,1.53,0.83,16.5,10.2,7.0,0.0,1.5,1.05,1.0,30.05,3.15
2018-11-30 10:00:00+00:00,Boston University,Lyft,Lyft,12.0,0.04,3.53,3.000833333333334,2.66,0.86,11.0,9.916666666666666,9.0,0.0,1.0,1.0,1.0,29.2,3.25
2018-11-30 11:00:00+00:00,Boston University,Lyft,Lyft,11.0,0.04,3.48,2.7936363636363635,1.5,0.84,13.5,10.136363636363637,7.0,0.0,1.25,1.0227272727272727,1.0,29.86,3.13
2018-11-30 12:00:00+00:00,Boston University,Lyft,Lyft,6.0,0.03,4.72,3.0216666666666665,1.55,0.82,16.5,11.333333333333334,9.0,0.0,1.25,1.0833333333333333,1.0,30.67,2.92
2018-11-30 13:00:00+00:00,Boston University,Lyft,Lyft,12.0,0.05,3.14,2.6075000000000004,1.45,0.8,16.5,10.708333333333334,7.0,0.0,1.75,1.125,1.0,33.02,1.8
2018-11-30 14:00:00+00:00,Boston University,Lyft,Lyft,9.0,0.12,4.74,3.1244444444444444,1.5,0.68,13.5,11.0,7.0,0.0,1.0,1.0,1.0,37.78,2.67
2018-11-30 15:00:00+00:00,Boston University,Lyft,Lyft,12.0,0.18,4.75,3.049166666666666,1.48,0.67,13.5,10.375,7.0,0.0,1.0,1.0,1.0,38.44,2.97
2018-11-30 16:00:00+00:00,Boston University,Lyft,Lyft,13.0,0.16,4.74,3.025384615384616,1.46,0.57,13.5,11.192307692307692,7.0,0.0,1.25,1.0384615384615383,1.0,41.78,2.46
2018-11-30 17:00:00+00:00,Boston University,Lyft,Lyft,10.0,0.75,4.48,3.002,2.08,0.57,16.5,11.4,9.0,0.0,1.75,1.175,1.0,42.16,2.85
2018-11-30 18:00:00+00:00,Boston University,Lyft,Lyft,13.0,0.88,4.59,3.363076923076923,1.48,0.6,13.5,11.076923076923077,7.0,0.0,1.0,1.0,1.0,40.99,1.4
2018-11-30 19:00:00+00:00,Boston University,Lyft,Lyft,15.0,1.0,4.62,3.155333333333333,1.49,0.61,16.5,10.933333333333334,7.0,0.0,1.5,1.0333333333333334,1.0,40.33,4.15
2018-11-30 20:00:00+00:00,Boston University,Lyft,Lyft,12.0,1.0,4.76,3.42,1.48,0.63,16.5,11.375,7.0,0.0,1.25,1.0416666666666667,1.0,39.61,3.77
2018-11-30 21:00:00+00:00,Boston University,Lyft,Lyft,14.0,0.93,4.75,3.3192857142857144,1.53,0.64,22.5,11.535714285714286,7.0,0.0,2.0,1.0714285714285714,1.0,39.1,2.6
2018-11-30 22:00:00+00:00,Boston University,Lyft,Lyft,11.0,0.96,4.6,2.967272727272728,1.49,0.65,16.5,10.363636363636363,7.0,0.0,1.0,1.0,1.0,38.58,3.37
2018-11-30 23:00:00+00:00,Boston University,Lyft,Lyft,10.0,0.95,4.72,3.396,2.66,0.67,16.5,11.45,9.0,0.0,1.25,1.05,1.0,37.81,3.9
2018-12-01 00:00:00+00:00,Boston University,Lyft,Lyft,13.0,0.92,4.33,2.7769230769230764,1.49,0.67,16.5,10.884615384615383,7.0,0.0,1.75,1.1153846153846154,1.0,37.24,3.2
2018-12-01 01:00:00+00:00,Boston University,Lyft,Lyft,14.0,0.91,4.75,3.4171428571428573,2.92,0.68,27.5,12.428571428571429,9.0,0.0,2.5,1.1071428571428572,1.0,36.53,4.18
2018-12-01 02:00:00+00:00,Boston University,Lyft,Lyft,21.0,0.875,4.47,2.8657142857142857,1.49,0.7,22.5,11.30952380952381,7.0,0.0,2.0,1.119047619047619,1.0,36.25,4.145
2018-12-01 03:00:00+00:00,Boston University,Lyft,Lyft,11.0,0.8,4.76,3.467272727272728,1.53,0.74,13.5,11.272727272727272,7.0,0.0,1.25,1.0227272727272727,1.0,35.36,3.41
2018-12-01 04:00:00+00:00,Boston University,Lyft,Lyft,11.0,0.82,3.49,2.4600000000000004,1.49,0.76,11.0,9.590909090909092,7.0,0.0,1.25,1.0454545454545454,1.0,34.22,3.75
2018-12-01 05:00:00+00:00,Boston University,Lyft,Lyft,9.0,0.73,3.52,2.644444444444444,1.53,0.79,13.5,9.77777777777778,7.0,0.0,1.25,1.0277777777777777,1.0,33.43,3.14
2018-12-01 06:00:00+00:00,Boston University,Lyft,Lyft,11.0,0.68,4.66,2.929090909090909,1.51,0.78,13.5,10.363636363636363,7.0,0.0,1.0,1.0,1.0,33.47,3.84
2018-12-01 07:00:00+00:00,Boston University,Lyft,Lyft,13.0,0.78,3.53,2.573846153846154,1.49,0.79,13.5,10.076923076923077,7.0,0.0,1.25,1.0192307692307692,1.0,33.58,3.41
2018-12-01 08:00:00+00:00,Boston University,Lyft,Lyft,8.0,0.84,4.59,2.40625,1.46,0.79,13.5,9.125,7.0,0.0,1.0,1.0,1.0,33.25,4.31
2018-12-01 09:00:00+00:00,Boston University,Lyft,Lyft,18.0,0.88,4.44,3.015,1.49,0.79,16.5,10.833333333333334,7.0,0.0,1.25,1.0416666666666667,1.0,32.74,4.13
2018-12-01 10:00:00+00:00,Boston University,Lyft,Lyft,9.0,0.49,4.62,3.298888888888889,1.92,0.81,13.5,11.444444444444445,9.0,0.0,1.5,1.0555555555555556,1.0,31.98,4.56
2018-12-01 11:00:00+00:00,Boston University,Lyft,Lyft,11.0,0.39,3.54,2.962727272727273,1.55,0.79,13.5,10.636363636363637,7.0,0.0,1.25,1.0227272727272727,1.0,32.4,4.23
2018-12-01 12:00:00+00:00,Boston University,Lyft,Lyft,11.0,0.31,3.55,2.8481818181818186,1.49,0.79,22.5,11.863636363636363,9.0,0.0,2.0,1.1363636363636365,1.0,33.16,4.69
2018-12-01 13:00:00+00:00,Boston University,Lyft,Lyft,8.0,0.41,3.53,2.9075000000000006,1.53,0.74,13.5,10.6875,7.0,0.0,1.0,1.0,1.0,35.13,5.6
2018-12-01 14:00:00+00:00,Boston University,Lyft,Lyft,19.0,0.53,4.75,3.0563157894736834,1.48,0.68,16.5,10.947368421052632,7.0,0.0,1.5,1.0394736842105263,1.0,37.45,4.75
2018-12-01 15:00:00+00:00,Boston University,Lyft,Lyft,12.0,0.12,4.61,3.249166666666667,1.49,0.61,13.5,10.791666666666666,7.0,0.0,1.0,1.0,1.0,40.02,3.29
2018-12-01 16:00:00+00:00,Boston University,Lyft,Lyft,16.0,0.46,4.37,2.86625,1.5,0.57,13.5,10.0625,7.0,0.0,1.25,1.015625,1.0,41.52,2.26
2018-12-01 17:00:00+00:00,Boston University,Lyft,Lyft,7.0,0.49,4.45,2.8185714285714285,1.5,0.56,13.5,9.357142857142858,5.0,0.0,1.0,1.0,1.0,42.47,1.04
2018-12-01 18:00:00+00:00,Boston University,Lyft,Lyft,12.0,0.43,4.69,3.3250000000000006,1.53,0.57,13.5,11.458333333333334,7.0,0.0,1.25,1.0208333333333333,1.0,42.29,0.88
2018-12-01 19:00:00+00:00,Boston University,Lyft,Lyft,11.0,0.74,4.79,3.173636363636364,1.49,0.57,19.5,11.363636363636363,7.0,0.0,1.5,1.068181818181818,1.0,42.77,1.69
2018-12-01 20:00:00+00:00,Boston University,Lyft,Lyft,10.0,0.65,3.54,2.75,1.5,0.63,13.5,10.0,7.0,0.0,1.0,1.0,1.0,41.09,1.79
2018-12-01 21:00:00+00:00,Boston University,Lyft,Lyft,16.0,0.58,4.81,3.208125,1.49,0.64,16.5,10.9375,7.0,0.0,1.25,1.015625,1.0,39.92,2.63
2018-12-01 22:00:00+00:00,Boston University,Lyft,Lyft,9.0,0.53,4.71,3.316666666666667,1.5,0.71,13.5,11.166666666666666,9.0,0.0,1.0,1.0,1.0,37.97,2.39
2018-12-01 23:00:00+00:00,Boston University,Lyft,Lyft,13.0,0.44,4.69,3.335384615384616,1.49,0.76,16.5,11.807692307692308,7.0,0.0,1.75,1.0961538461538465,1.0,36.74,2.43
2018-12-02 00:00:00+00:00,Boston University,Lyft,Lyft,6.0,0.2,3.06,2.7016666666666667,1.48,0.78,11.0,9.833333333333334,7.0,0.0,1.0,1.0,1.0,35.58,1.8
2018-12-02 01:00:00+00:00,Boston University,Lyft,Lyft,10.0,0.19,4.68,3.605,2.66,0.81,16.5,11.8,9.0,0.0,1.0,1.0,1.0,35.67,1.33
2018-12-02 02:00:00+00:00,Boston University,Lyft,Lyft,12.0,0.55,4.61,3.165,1.91,0.82,13.5,11.75,9.0,0.0,1.5,1.1041666666666667,1.0,35.85,1.35
2018-12-02 03:00:00+00:00,Boston University,Lyft,Lyft,11.0,0.35,4.49,2.967272727272728,1.57,0.81,16.5,11.045454545454543,7.0,0.0,1.75,1.0909090909090908,1.0,36.6,0.3
2018-12-02 04:00:00+00:00,Boston University,Lyft,Lyft,13.0,0.92,4.6,2.853846153846154,1.48,0.84,13.5,10.192307692307692,7.0,0.0,1.0,1.0,1.0,36.54,1.1
2018-12-02 05:00:00+00:00,Boston University,Lyft,Lyft,8.0,0.83,3.14,2.665,1.59,0.85,11.0,10.0,7.0,0.0,1.25,1.03125,1.0,36.9,1.5
2018-12-02 06:00:00+00:00,Boston University,Lyft,Lyft,7.0,1.0,4.61,3.927142857142857,2.91,0.83,19.5,13.928571428571429,10.5,0.0029,1.75,1.1071428571428572,1.0,38.29,2.62
2018-12-02 07:00:00+00:00,Boston University,Lyft,Lyft,11.0,1.0,4.68,2.9172727272727275,1.49,0.86,13.5,10.318181818181818,7.0,0.0142,1.0,1.0,1.0,37.94,1.74
2018-12-02 08:00:00+00:00,Boston University,Lyft,Lyft,11.0,1.0,3.93,2.8063636363636366,1.45,0.86,13.5,10.045454545454543,7.0,0.03,1.25,1.0227272727272727,1.0,39.16,3.89
2018-12-02 09:00:00+00:00,Boston University,Lyft,Lyft,5.0,1.0,4.5,3.4519999999999995,2.65,0.91,13.5,11.3,10.5,0.0058,1.25,1.05,1.0,38.47,2.86
2018-12-02 10:00:00+00:00,Boston University,Lyft,Lyft,13.0,0.99,4.7,3.0646153846153847,1.5,0.92,19.5,11.307692307692308,7.0,0.0457,1.75,1.0576923076923077,1.0,38.93,5.12
2018-12-02 11:00:00+00:00,Boston University,Lyft,Lyft,8.0,1.0,4.57,3.2825,2.73,0.92,16.5,12.3125,9.0,0.0269,1.5,1.125,1.0,39.43,5.3
2018-12-02 12:00:00+00:00,Boston University,Lyft,Lyft,20.0,1.0,4.72,2.9645,1.49,0.93,22.5,10.675,7.0,0.0392,2.0,1.075,1.0,41.21,8.29
2018-12-02 13:00:00+00:00,Boston University,Lyft,Lyft,13.0,1.0,4.69,2.9084615384615384,1.49,0.93,13.5,10.461538461538462,7.0,0.0249,1.25,1.0192307692307692,1.0,42.57,7.71
2018-12-02 14:00:00+00:00,Boston University,Lyft,Lyft,12.0,1.0,3.68,2.6341666666666668,1.5,0.96,22.5,11.75,7.0,0.0051,1.75,1.1458333333333333,1.0,43.23,6.42
2018-12-02 15:00:00+00:00,Boston University,Lyft,Lyft,15.0,1.0,3.54,2.842,1.62,0.94,16.5,10.3,7.0,0.003,1.75,1.05,1.0,44.95,5.92
2018-12-02 16:00:00+00:00,Boston University,Lyft,Lyft,10.0,1.0,4.58,3.673,2.95,0.94,16.5,12.15,10.5,0.0,1.75,1.075,1.0,46.41,6.78
2018-12-02 17:00:00+00:00,Boston University,Lyft,Lyft,14.0,1.0,3.83,2.782142857142857,1.51,0.95,19.5,10.428571428571429,7.0,0.0061,2.0,1.0714285714285714,1.0,47.28,4.72
2018-12-02 18:00:00+00:00,Boston University,Lyft,Lyft,15.0,0.99,4.6,3.134,1.49,0.94,16.5,10.933333333333334,7.0,0.0059,1.75,1.05,1.0,48.14,3.93
2018-12-02 19:00:00+00:00,Boston University,Lyft,Lyft,8.0,1.0,4.43,2.79625,1.48,0.93,19.5,10.625,7.0,0.0,1.5,1.0625,1.0,50.3,2.45
2018-12-02 20:00:00+00:00,Boston University,Lyft,Lyft,10.0,1.0,4.78,3.271,1.49,0.92,27.5,12.6,9.0,0.0,2.0,1.125,1.0,51.34,3.6
2018-12-02 21:00:00+00:00,Boston University,Lyft,Lyft,9.0,1.0,4.71,3.106666666666667,1.49,0.93,22.5,13.055555555555555,7.0,0.0,2.0,1.25,1.0,50.8,3.8
2018-12-02 22:00:00+00:00,Boston University,Lyft,Lyft,14.0,1.0,4.46,2.8392857142857144,1.49,0.92,19.5,11.142857142857142,7.0,0.0,1.75,1.0535714285714286,1.0,50.59,3.91
2018-12-02 23:00:00+00:00,Boston University,Lyft,Lyft,7.0,1.0,4.58,3.312857142857143,1.53,0.94,13.5,10.714285714285714,7.0,0.0,1.0,1.0,1.0,48.26,3.85
2018-12-03 00:00:00+00:00,Boston University,Lyft,Lyft,10.0,1.0,4.07,2.534,1.49,0.93,26.0,11.5,7.0,0.0,2.0,1.2,1.0,48.84,2.53
2018-12-03 01:00:00+00:00,Boston University,Lyft,Lyft,11.0,0.99,4.71,2.953636363636364,1.49,0.93,16.5,10.318181818181818,7.0,0.0,1.5,1.0454545454545454,1.0,47.89,1.86
2018-12-03 02:00:00+00:00,Boston University,Lyft,Lyft,16.0,0.98,3.74,2.707500000000001,1.49,0.94,13.5,9.9375,7.0,0.0,1.25,1.015625,1.0,47.31,3.41
2018-12-03 03:00:00+00:00,Boston University,Lyft,Lyft,8.0,0.93,4.74,2.9575000000000005,1.49,0.93,13.5,10.0,7.0,0.0,1.0,1.0,1.0,46.72,2.98
2018-12-03 04:00:00+00:00,Boston University,Lyft,Lyft,10.0,0.86,3.53,2.878,1.49,0.94,13.5,10.75,9.0,0.0,1.25,1.025,1.0,46.85,2.45
2018-12-03 05:00:00+00:00,Boston University,Lyft,Lyft,11.0,0.91,4.69,3.208181818181818,1.57,0.95,13.5,11.045454545454543,7.0,0.0,1.5,1.0454545454545454,1.0,44.91,2.28
2018-12-03 06:00:00+00:00,Boston University,Lyft,Lyft,5.0,0.89,4.68,3.73,2.73,0.95,13.5,11.5,9.0,0.0,1.0,1.0,1.0,44.85,1.52
2018-12-03 07:00:00+00:00,Boston University,Lyft,Lyft,12.0,0.76,4.58,2.9925,1.49,0.96,16.5,10.75,7.0,0.0,1.25,1.0416666666666667,1.0,44.49,3.39
2018-12-03 08:00:00+00:00,Boston University,Lyft,Lyft,13.0,0.92,4.65,3.3092307692307688,1.5,0.94,16.5,11.615384615384617,9.0,0.0,1.5,1.0576923076923077,1.0,45.47,2.55
2018-12-03 09:00:00+00:00,Boston University,Lyft,Lyft,12.0,0.89,3.52,2.7591666666666668,1.48,0.94,22.5,11.625,7.0,0.0,2.0,1.1666666666666667,1.0,45.56,1.35
2018-12-03 10:00:00+00:00,Boston University,Lyft,Lyft,5.0,0.92,4.39,3.174,1.5,0.93,13.5,10.6,7.0,0.0,1.0,1.0,1.0,46.48,2.43
2018-12-03 11:00:00+00:00,Boston University,Lyft,Lyft,11.0,0.99,4.75,3.144545454545454,1.51,0.92,22.5,11.636363636363637,7.0,0.0,2.0,1.1136363636363635,1.0,47.75,3.33
2018-12-03 12:00:00+00:00,Boston University,Lyft,Lyft,7.0,0.88,3.12,2.571428571428572,1.49,0.92,10.5,9.285714285714286,7.0,0.005,1.0,1.0,1.0,49.4,4.45
2018-12-03 13:00:00+00:00,Boston University,Lyft,Lyft,11.0,0.76,4.59,3.570909090909091,2.93,0.89,19.5,12.272727272727272,10.5,0.0,1.5,1.068181818181818,1.0,50.95,6.12
2018-12-03 14:00:00+00:00,Boston University,Lyft,Lyft,14.0,0.74,4.62,2.962857142857143,1.49,0.86,13.5,10.214285714285714,7.0,0.0,1.0,1.0,1.0,52.71,6.51
2018-12-03 15:00:00+00:00,Boston University,Lyft,Lyft,7.0,0.66,4.36,3.36,2.93,0.79,13.5,11.071428571428571,9.0,0.0,1.5,1.0714285714285714,1.0,54.62,7.5
2018-12-03 16:00:00+00:00,Boston University,Lyft,Lyft,11.0,0.47,3.92,2.7045454545454546,1.49,0.68,13.5,10.272727272727272,7.0,0.0,1.25,1.0227272727272727,1.0,55.28,16.57
2018-12-03 17:00:00+00:00,Boston University,Lyft,Lyft,12.0,0.64,4.57,3.043333333333333,1.49,0.62,19.5,11.75,7.0,0.0,2.0,1.1458333333333333,1.0,54.27,13.36
2018-12-03 18:00:00+00:00,Boston University,Lyft,Lyft,11.0,0.85,4.53,3.235454545454546,1.49,0.54,13.5,10.681818181818182,7.0,0.0,1.0,1.0,1.0,53.17,9.8
2018-12-03 19:00:00+00:00,Boston University,Lyft,Lyft,9.0,0.67,4.55,3.255555555555556,1.48,0.52,13.5,11.166666666666666,7.0,0.0,1.0,1.0,1.0,52.01,7.94
2018-12-03 20:00:00+00:00,Boston University,Lyft,Lyft,14.0,0.7,4.76,3.594285714285714,1.49,0.56,22.5,12.392857142857142,7.0,0.0,1.75,1.0892857142857142,1.0,50.74,6.64
2018-12-03 21:00:00+00:00,Boston University,Lyft,Lyft,11.0,0.43,4.59,2.847272727272727,1.49,0.52,13.5,10.318181818181818,7.0,0.004,1.5,1.0454545454545454,1.0,49.93,7.46
2018-12-03 22:00:00+00:00,Boston University,Lyft,Lyft,10.0,0.18,4.76,2.959,1.5,0.54,16.5,12.0,7.0,0.0,2.0,1.15,1.0,48.06,10.19
2018-12-03 23:00:00+00:00,Boston University,Lyft,Lyft,12.0,0.06,4.62,2.9858333333333333,1.48,0.56,13.5,10.666666666666666,7.0,0.0,1.25,1.0208333333333333,1.0,46.87,8.33
2018-12-04 00:00:00+00:00,Boston University,Lyft,Lyft,11.0,0.07,4.59,3.1872727272727275,1.54,0.59,16.5,11.818181818181818,7.0,0.0,1.25,1.0454545454545454,1.0,46.22,7.0
2018-12-04 01:00:00+00:00,Boston University,Lyft,Lyft,14.0,0.04,4.53,2.9792857142857145,1.49,0.6,16.5,10.428571428571429,7.0,0.0,1.75,1.0535714285714286,1.0,45.71,8.18
2018-12-04 02:00:00+00:00,Boston University,Lyft,Lyft,14.0,0.25,4.75,3.3057142857142856,1.48,0.62,13.5,10.857142857142858,7.0,0.0,1.25,1.0178571428571428,1.0,45.07,9.13
2018-12-04 03:00:00+00:00,Boston University,Lyft,Lyft,15.0,0.54,4.71,2.9166666666666665,1.49,0.62,16.5,10.566666666666666,7.0,0.0,1.5,1.0666666666666669,1.0,44.0,7.3
2018-12-04 04:00:00+00:00,Boston University,Lyft,Lyft,11.0,0.53,4.72,3.0945454545454543,1.53,0.63,16.5,11.136363636363637,7.0,0.0,1.25,1.0454545454545454,1.0,41.63,7.9
2018-12-04 05:00:00+00:00,Boston University,Lyft,Lyft,17.0,0.55,4.75,3.413529411764707,1.49,0.64,16.5,11.941176470588236,9.0,0.0,1.25,1.0147058823529411,1.0,39.68,7.95
2018-12-04 06:00:00+00:00,Boston University,Lyft,Lyft,9.0,,3.52,2.9433333333333334,1.5,,22.5,12.444444444444445,7.0,,2.0,1.25,1.0,,
2018-12-04 07:00:00+00:00,Boston University,Lyft,Lyft,,,,,,,16.5,10.944444444444445,7.0,,,,,,
2018-12-04 08:00:00+00:00,Boston University,Lyft,Lyft,6.0,0.0849999999999999,4.74,2.8616666666666664,1.48,0.47,16.5,10.666666666666666,7.0,0.0,1.25,1.0416666666666667,1.0,24.19,5.21
2018-12-04 09:00:00+00:00,Boston University,Lyft,Lyft,13.0,0.055,4.61,3.2292307692307696,1.5,0.48,13.5,11.0,7.0,0.0,1.25,1.0192307692307692,1.0,22.895,4.359999999999999
2018-12-04 10:00:00+00:00,Boston University,Lyft,Lyft,15.0,0.08,4.61,3.0493333333333337,1.49,0.51,19.5,11.0,7.0,0.0,1.75,1.05,1.0,21.95,4.96
2018-12-04 11:00:00+00:00,Boston University,Lyft,Lyft,18.0,0.31,4.71,3.036111111111111,1.49,0.55,13.5,10.77777777777778,7.0,0.0,1.5,1.0694444444444444,1.0,21.07,4.73
2018-12-04 12:00:00+00:00,Boston University,Lyft,Lyft,8.0,0.5,4.68,3.19,1.5,0.59,13.5,10.875,7.0,0.0,1.25,1.03125,1.0,20.24,3.45
2018-12-04 13:00:00+00:00,Boston University,Lyft,Lyft,13.0,0.61,4.57,2.973076923076923,1.5,0.61,16.5,10.76923076923077,7.0,0.0,1.5,1.0576923076923077,1.0,19.78,3.56
2018-12-04 14:00:00+00:00,Boston University,Lyft,Lyft,11.0,0.39,4.5,3.1818181818181817,2.63,0.64,19.5,12.454545454545457,9.0,0.0,1.75,1.1363636363636365,1.0,19.62,3.7
2018-12-04 15:00:00+00:00,Boston University,Lyft,Lyft,16.0,0.43,4.6,3.226875,1.53,0.63,16.5,11.53125,7.0,0.0,1.5,1.046875,1.0,19.73,3.65
2018-12-04 16:00:00+00:00,Boston University,Lyft,Lyft,11.0,0.45,3.52,2.674545454545454,1.45,0.62,11.0,10.045454545454543,7.0,0.0,1.0,1.0,1.0,20.13,2.73
2018-12-04 17:00:00+00:00,Boston University,Lyft,Lyft,9.0,0.28,3.53,2.707777777777778,1.51,0.62,13.5,10.38888888888889,7.0,0.0,1.25,1.0277777777777777,1.0,20.4,2.96
2018-12-04 18:00:00+00:00,Boston University,Lyft,Lyft,9.0,0.2,4.72,3.1755555555555564,2.64,0.6,13.5,10.944444444444445,10.5,0.0,1.0,1.0,1.0,21.36,2.85
2018-12-04 19:00:00+00:00,Boston University,Lyft,Lyft,13.0,0.34,4.8,3.0346153846153845,1.49,0.61,16.5,10.923076923076923,7.0,0.0,1.25,1.0384615384615383,1.0,23.63,2.97
2018-12-04 20:00:00+00:00,Boston University,Lyft,Lyft,16.0,0.53,4.59,3.0112499999999995,1.48,0.58,16.5,11.25,7.0,0.0,1.75,1.078125,1.0,25.88,2.73
2018-12-04 21:00:00+00:00,Boston University,Lyft,Lyft,8.0,0.24,2.97,2.5725,1.54,0.56,16.5,11.375,7.0,0.0,1.75,1.1875,1.0,28.46,1.98
2018-12-04 22:00:00+00:00,Boston University,Lyft,Lyft,11.0,0.55,4.73,3.329090909090909,2.66,0.54,26.0,12.454545454545457,9.0,0.0,1.75,1.1136363636363635,1.0,31.8,2.0
2018-12-04 23:00:00+00:00,Boston University,Lyft,Lyft,7.0,0.7,3.13,2.5742857142857143,1.49,0.56,13.5,10.857142857142858,9.0,0.0,1.5,1.1428571428571428,1.0,32.35,2.29
2018-12-05 00:00:00+00:00,Boston University,Lyft,Lyft,8.0,0.52,4.61,3.48875,2.99,0.56,16.5,12.625,9.0,0.0,1.25,1.0625,1.0,32.7,1.7
2018-12-05 01:00:00+00:00,Boston University,Lyft,Lyft,12.0,0.61,4.75,3.313333333333333,1.5,0.61,16.5,11.541666666666666,7.0,0.0,1.25,1.0208333333333333,1.0,32.12,1.22
2018-12-05 02:00:00+00:00,Boston University,Lyft,Lyft,9.0,0.78,4.59,3.075555555555556,1.49,0.63,13.5,10.5,7.0,0.0,1.0,1.0,1.0,31.6,1.98
2018-12-05 03:00:00+00:00,Boston University,Lyft,Lyft,13.0,0.83,4.7,2.968461538461539,1.5,0.63,16.5,11.73076923076923,7.0,0.0,2.0,1.1346153846153846,1.0,31.35,2.3
2018-12-05 04:00:00+00:00,Boston University,Lyft,Lyft,14.0,0.53,4.59,3.0357142857142856,1.95,0.65,13.5,10.214285714285714,9.0,0.0,1.0,1.0,1.0,30.78,2.01
2018-12-05 05:00:00+00:00,Boston University,Lyft,Lyft,12.0,0.69,4.76,2.9399999999999995,1.49,0.68,16.5,10.875,7.0,0.0,2.0,1.0833333333333333,1.0,29.78,1.93
2018-12-05 06:00:00+00:00,Boston University,Lyft,Lyft,11.0,0.77,4.6,2.844545454545455,1.53,0.68,19.5,11.0,7.0,0.0,1.5,1.068181818181818,1.0,30.13,2.3
2018-12-05 07:00:00+00:00,Boston University,Lyft,Lyft,9.0,0.59,4.73,2.708888888888889,1.51,0.69,13.5,9.5,7.0,0.0,1.0,1.0,1.0,29.94,1.89
2018-12-05 08:00:00+00:00,Boston University,Lyft,Lyft,22.0,0.69,4.39,3.0913636363636368,1.49,0.7,38.5,12.090909090909092,7.0,0.0,3.0,1.125,1.0,29.81,1.87
2018-12-05 09:00:00+00:00,Boston University,Lyft,Lyft,8.0,0.73,4.59,3.3225,2.66,0.71,13.5,10.9375,9.0,0.0,1.0,1.0,1.0,29.85,1.54
2018-12-05 10:00:00+00:00,Boston University,Lyft,Lyft,13.0,0.69,4.6,3.017692307692308,1.49,0.72,13.5,10.76923076923077,9.0,0.0,1.75,1.0576923076923077,1.0,29.64,1.51
2018-12-05 11:00:00+00:00,Boston University,Lyft,Lyft,10.0,0.61,4.62,3.015,2.65,0.73,13.5,10.6,9.0,0.0,1.0,1.0,1.0,29.08,0.81
2018-12-05 12:00:00+00:00,Boston University,Lyft,Lyft,12.0,0.35,4.73,3.566666666666667,2.62,0.77,13.5,11.416666666666666,9.0,0.0,1.0,1.0,1.0,27.91,2.45
2018-12-05 13:00:00+00:00,Boston University,Lyft,Lyft,10.0,0.54,4.72,3.343,2.66,0.77,16.5,11.8,9.0,0.0,1.25,1.025,1.0,28.37,3.03
2018-12-05 14:00:00+00:00,Boston University,Lyft,Lyft,11.0,0.44,4.68,3.133636363636364,1.48,0.8,19.5,12.727272727272728,7.0,0.0,1.75,1.2272727272727273,1.0,26.64,2.35
2018-12-05 15:00:00+00:00,Boston University,Lyft,Lyft,17.0,0.21,4.6,2.961764705882353,1.49,0.8,16.5,10.852941176470589,7.0,0.0,1.25,1.0588235294117647,1.0,27.0,3.18
2018-12-05 16:00:00+00:00,Boston University,Lyft,Lyft,13.0,0.15,4.72,3.3684615384615384,1.53,0.8,19.5,11.73076923076923,7.0,0.0,1.75,1.0769230769230769,1.0,27.07,2.84
2018-12-05 17:00:00+00:00,Boston University,Lyft,Lyft,11.0,0.14,4.61,2.900909090909091,1.5,0.8,16.5,10.363636363636363,7.0,0.0,1.5,1.0454545454545454,1.0,28.35,2.19
2018-12-05 18:00:00+00:00,Boston University,Lyft,Lyft,16.0,0.29,4.61,3.0187500000000003,1.51,0.79,26.0,12.09375,7.0,0.0,2.0,1.125,1.0,30.3,3.23
2018-12-05 19:00:00+00:00,Boston University,Lyft,Lyft,17.0,0.19,4.61,3.2423529411764704,1.58,0.8,19.5,12.411764705882351,9.0,0.0,2.0,1.2205882352941178,1.0,32.43,3.17
2018-12-05 20:00:00+00:00,Boston University,Lyft,Lyft,13.0,0.22,4.66,3.1515384615384616,1.49,0.66,13.5,10.807692307692308,7.0,0.0,1.25,1.0192307692307692,1.0,39.41,3.12
2018-12-05 21:00:00+00:00,Boston University,Lyft,Lyft,8.0,0.27,4.74,3.625,2.91,0.66,13.5,11.6875,10.5,0.0,1.0,1.0,1.0,41.35,4.24
2018-12-05 22:00:00+00:00,Boston University,Lyft,Lyft,7.0,0.51,4.6,3.5657142857142854,1.49,0.61,13.5,12.071428571428571,9.0,0.0,1.0,1.0,1.0,44.12,3.75
2018-12-05 23:00:00+00:00,Boston University,Lyft,Lyft,14.0,0.2,4.6,2.839285714285714,1.49,0.61,16.5,10.857142857142858,7.0,0.0,1.5,1.0892857142857142,1.0,44.25,3.38
2018-12-06 00:00:00+00:00,Boston University,Lyft,Lyft,12.0,0.37,4.64,3.2575,2.66,0.65,13.5,10.791666666666666,9.0,0.0,1.0,1.0,1.0,42.8,4.14
2018-12-06 01:00:00+00:00,Boston University,Lyft,Lyft,14.0,0.92,4.55,2.8178571428571426,1.49,0.7,16.5,10.357142857142858,7.0,0.0,1.5,1.0714285714285714,1.0,41.74,4.46
2018-12-06 02:00:00+00:00,Boston University,Lyft,Lyft,7.0,0.76,4.47,3.1014285714285714,1.94,0.72,13.5,10.571428571428571,9.0,0.0,1.0,1.0,1.0,41.16,4.38
2018-12-06 03:00:00+00:00,Boston University,Lyft,Lyft,11.0,0.94,4.51,3.2181818181818187,2.69,0.75,22.5,11.5,9.0,0.0,1.5,1.0454545454545454,1.0,41.42,4.94
2018-12-06 04:00:00+00:00,Boston University,Lyft,Lyft,18.0,0.88,4.66,2.9883333333333337,1.49,0.79,16.5,10.555555555555555,7.0,0.0,1.25,1.0138888888888888,1.0,41.11,4.42
2018-12-06 05:00:00+00:00,Boston University,Lyft,Lyft,17.0,0.85,4.81,3.384117647058824,1.49,0.83,13.5,10.852941176470589,7.0,0.0,1.5,1.0294117647058822,1.0,40.51,4.95
2018-12-06 06:00:00+00:00,Boston University,Lyft,Lyft,5.0,0.9,3.54,2.934,2.66,0.85,13.5,10.6,9.0,0.0,1.25,1.05,1.0,41.09,5.12
2018-12-06 07:00:00+00:00,Boston University,Lyft,Lyft,13.0,0.91,4.7,3.3715384615384614,2.63,0.87,13.5,11.115384615384617,9.0,0.0,1.0,1.0,1.0,41.63,5.77
2018-12-06 08:00:00+00:00,Boston University,Lyft,Lyft,13.0,0.98,4.67,3.415384615384616,2.12,0.88,16.5,11.76923076923077,9.0,0.0,1.5,1.0576923076923077,1.0,42.89,5.93
2018-12-06 09:00:00+00:00,Boston University,Lyft,Lyft,11.0,1.0,4.61,2.9254545454545453,1.49,0.89,13.5,10.227272727272728,7.0,0.0,1.25,1.0227272727272727,1.0,43.95,6.15
2018-12-06 10:00:00+00:00,Boston University,Lyft,Lyft,13.0,1.0,3.69,2.8207692307692307,1.5,0.89,13.5,10.115384615384617,7.0,0.0,1.0,1.0,1.0,44.78,6.13
2018-12-06 11:00:00+00:00,Boston University,Lyft,Lyft,10.0,1.0,4.6,3.129,1.5,0.91,13.5,10.65,7.0,0.0,1.0,1.0,1.0,45.31,6.01
2018-12-06 12:00:00+00:00,Boston University,Lyft,Lyft,11.0,0.91,4.64,3.066363636363636,1.49,0.91,22.5,11.863636363636363,7.0,0.0,2.0,1.1590909090909092,1.0,45.71,6.21
2018-12-06 13:00:00+00:00,Boston University,Lyft,Lyft,6.0,0.97,4.6,3.3183333333333334,2.65,0.9,13.5,11.333333333333334,9.0,0.0,1.25,1.0416666666666667,1.0,46.01,5.95
2018-12-06 14:00:00+00:00,Boston University,Lyft,Lyft,9.0,0.91,4.59,2.8044444444444445,1.49,0.89,13.5,10.5,7.0,0.0,1.5,1.0833333333333333,1.0,46.3,5.69
2018-12-06 15:00:00+00:00,Boston University,Lyft,Lyft,8.0,0.99,3.83,3.1887500000000006,2.62,0.89,13.5,11.9375,9.0,0.0,1.5,1.0625,1.0,46.11,5.51
2018-12-06 16:00:00+00:00,Boston University,Lyft,Lyft,11.0,0.89,4.46,3.2809090909090908,1.61,0.91,22.5,11.681818181818182,7.0,0.0,1.75,1.068181818181818,1.0,45.23,4.37
2018-12-06 17:00:00+00:00,Boston University,Lyft,Lyft,14.0,0.95,4.59,2.982142857142857,1.48,0.92,16.5,10.428571428571429,7.0,0.0,1.0,1.0,1.0,45.3,4.02
2018-12-06 18:00:00+00:00,Boston University,Lyft,Lyft,14.0,1.0,4.54,2.9642857142857144,1.49,0.89,13.5,10.0,7.0,0.0,1.5,1.0357142857142858,1.0,47.02,3.32
2018-12-06 19:00:00+00:00,Boston University,Lyft,Lyft,12.0,0.91,4.5,3.165833333333334,1.45,0.9,27.5,13.0,7.0,0.0,2.0,1.1666666666666667,1.0,46.4,3.98
2018-12-06 20:00:00+00:00,Boston University,Lyft,Lyft,13.0,0.89,4.68,3.1215384615384614,1.53,0.87,13.5,10.423076923076923,7.0,0.0,1.25,1.0192307692307692,1.0,47.84,3.88
2018-12-06 21:00:00+00:00,Boston University,Lyft,Lyft,15.0,0.86,4.72,2.873333333333333,1.49,0.79,13.5,9.9,7.0,0.0,1.0,1.0,1.0,50.58,2.29
2018-12-06 22:00:00+00:00,Boston University,Lyft,Lyft,15.0,0.73,4.47,2.591333333333333,1.5,0.75,16.5,10.3,7.0,0.0,1.5,1.05,1.0,51.92,6.61
2018-12-06 23:00:00+00:00,Boston University,Lyft,Lyft,13.0,0.92,4.61,2.3261538461538462,1.49,0.73,13.5,9.192307692307692,7.0,0.0,1.5,1.0576923076923077,1.0,51.79,5.4
2018-12-07 00:00:00+00:00,Boston University,Lyft,Lyft,10.0,0.64,3.71,2.644,1.49,0.71,13.5,9.95,7.0,0.0,1.0,1.0,1.0,49.87,4.65
2018-12-07 01:00:00+00:00,Boston University,Lyft,Lyft,9.0,0.56,4.61,3.1566666666666663,1.54,0.71,13.5,11.166666666666666,7.0,0.0,1.5,1.0555555555555556,1.0,48.81,5.36
2018-12-07 02:00:00+00:00,Boston University,Lyft,Lyft,14.0,0.41,4.75,3.0507142857142857,1.53,0.69,16.5,10.357142857142858,7.0,0.0,1.5,1.0357142857142858,1.0,47.27,6.49
2018-12-07 03:00:00+00:00,Boston University,Lyft,Lyft,10.0,0.42,4.71,3.458,2.98,0.69,16.5,11.85,10.5,0.0,1.25,1.05,1.0,45.75,7.17
2018-12-07 04:00:00+00:00,Boston University,Lyft,Lyft,10.0,0.37,4.72,3.272,1.58,0.69,13.5,11.2,9.0,0.0,1.0,1.0,1.0,44.44,7.6
2018-12-07 05:00:00+00:00,Boston University,Lyft,Lyft,11.0,0.19,4.6,3.0690909090909098,1.52,0.71,13.5,10.409090909090908,7.0,0.0,1.0,1.0,1.0,42.68,6.11
2018-12-07 06:00:00+00:00,Boston University,Lyft,Lyft,13.0,0.48,4.72,3.166153846153846,1.52,0.72,13.5,10.846153846153848,7.0,0.0,1.0,1.0,1.0,41.59,6.05
2018-12-07 07:00:00+00:00,Boston University,Lyft,Lyft,14.0,0.43,4.6,3.236428571428572,1.49,0.71,19.5,11.464285714285714,7.0,0.0,1.5,1.0357142857142858,1.0,41.0,6.2
2018-12-07 08:00:00+00:00,Boston University,Lyft,Lyft,9.0,0.57,4.47,3.0044444444444443,1.49,0.7,13.5,10.72222222222222,9.0,0.0,1.5,1.0555555555555556,1.0,40.65,6.35
2018-12-07 09:00:00+00:00,Boston University,Lyft,Lyft,8.0,0.46,4.72,3.29875,2.66,0.71,32.5,14.0,10.5,0.0,2.5,1.28125,1.0,39.61,6.98
2018-12-07 10:00:00+00:00,Boston University,Lyft,Lyft,18.0,0.41,4.78,2.7633333333333336,1.49,0.7,13.5,10.38888888888889,7.0,0.0,1.75,1.0555555555555556,1.0,39.99,7.53
2018-12-07 11:00:00+00:00,Boston University,Lyft,Lyft,18.0,0.42,4.67,2.750555555555555,1.49,0.73,27.5,10.833333333333334,7.0,0.0,2.0,1.0833333333333333,1.0,38.99,6.91
2018-12-07 12:00:00+00:00,Boston University,Lyft,Lyft,17.0,0.44,4.63,2.8447058823529416,1.49,0.75,13.5,10.382352941176473,7.0,0.0,1.75,1.0441176470588236,1.0,39.02,7.0
2018-12-07 13:00:00+00:00,Boston University,Lyft,Lyft,14.0,0.38,4.75,3.3278571428571424,1.49,0.75,13.5,11.107142857142858,9.0,0.0,1.25,1.0178571428571428,1.0,38.98,7.88
2018-12-07 14:00:00+00:00,Boston University,Lyft,Lyft,10.0,0.28,4.65,2.911,1.49,0.76,13.5,10.65,7.0,0.0,1.5,1.05,1.0,38.36,7.57
2018-12-07 15:00:00+00:00,Boston University,Lyft,Lyft,9.0,0.58,3.5,2.8988888888888886,2.13,0.78,13.5,10.444444444444445,9.0,0.0,1.25,1.0277777777777777,1.0,38.39,6.74
2018-12-07 16:00:00+00:00,Boston University,Lyft,Lyft,17.0,0.83,4.73,3.258823529411764,2.66,0.78,16.5,11.647058823529411,9.0,0.0,1.5,1.0588235294117647,1.0,38.67,6.75
2018-12-07 17:00:00+00:00,Boston University,Lyft,Lyft,11.0,0.85,4.53,3.0945454545454543,2.06,0.75,13.5,10.772727272727272,9.0,0.0,1.25,1.0227272727272727,1.0,40.01,7.21
2018-12-07 18:00:00+00:00,Boston University,Lyft,Lyft,8.0,1.0,4.61,2.6674999999999995,1.49,0.71,13.5,9.3125,7.0,0.0,1.0,1.0,1.0,41.13,6.77
2018-12-07 19:00:00+00:00,Boston University,Lyft,Lyft,10.0,0.88,4.49,2.8300000000000005,1.49,0.72,16.5,10.75,7.0,0.0,2.0,1.1,1.0,41.51,7.14
2018-12-07 20:00:00+00:00,Boston University,Lyft,Lyft,10.0,0.87,3.52,3.0580000000000007,1.91,0.76,22.5,12.35,9.0,0.0,2.0,1.15,1.0,41.22,9.38
2018-12-07 21:00:00+00:00,Boston University,Lyft,Lyft,13.0,0.92,4.74,3.2507692307692304,2.63,0.73,19.5,11.73076923076923,9.0,0.0259,2.0,1.1153846153846154,1.0,42.32,9.23
2018-12-07 22:00:00+00:00,Boston University,Lyft,Lyft,11.0,1.0,4.73,3.1954545454545453,1.5,0.72,19.5,11.818181818181818,7.0,0.0,2.0,1.1363636363636365,1.0,42.64,9.59
2018-12-07 23:00:00+00:00,Boston University,Lyft,Lyft,9.0,0.99,4.73,3.332222222222222,1.55,0.75,13.5,11.055555555555555,9.0,0.0,1.25,1.0277777777777777,1.0,42.78,9.71
2018-12-08 00:00:00+00:00,Boston University,Lyft,Lyft,11.0,0.95,3.53,2.6672727272727275,1.49,0.74,16.5,10.545454545454543,7.0,0.0,2.0,1.1136363636363635,1.0,42.74,9.59
2018-12-08 01:00:00+00:00,Boston University,Lyft,Lyft,17.0,0.97,3.49,2.5805882352941176,1.49,0.76,13.5,10.0,7.0,0.003,1.5,1.0588235294117647,1.0,42.3,9.55
2018-12-08 02:00:00+00:00,Boston University,Lyft,Lyft,12.0,0.96,3.67,3.0416666666666665,1.53,0.76,16.5,11.625,7.0,0.003,1.5,1.0833333333333333,1.0,42.17,10.38
2018-12-08 03:00:00+00:00,Boston University,Lyft,Lyft,11.0,0.87,4.72,3.03,1.53,0.77,13.5,11.0,7.0,0.0994,1.25,1.0227272727272727,1.0,42.4,10.94
2018-12-08 04:00:00+00:00,Boston University,Lyft,Lyft,10.0,1.0,4.55,3.109,1.49,0.76,13.5,10.95,7.0,0.1089,1.25,1.025,1.0,42.5,11.07
2018-12-08 05:00:00+00:00,Boston University,Lyft,Lyft,12.0,0.95,4.57,3.08,1.53,0.83,19.5,11.458333333333334,7.0,0.061,1.75,1.1666666666666667,1.0,41.77,10.49
2018-12-08 06:00:00+00:00,Boston University,Lyft,Lyft,7.0,1.0,4.72,3.064285714285714,1.49,0.9,13.5,10.285714285714286,7.0,0.015,1.0,1.0,1.0,40.37,10.18
2018-12-08 07:00:00+00:00,Boston University,Lyft,Lyft,13.0,1.0,4.73,3.2007692307692306,1.51,0.93,13.5,10.923076923076923,7.0,0.0069999999999999,1.25,1.0192307692307692,1.0,39.37,10.11
2018-12-08 08:00:00+00:00,Boston University,Lyft,Lyft,13.0,1.0,4.74,3.3523076923076927,1.49,0.91,13.5,10.923076923076923,9.0,0.002,1.0,1.0,1.0,39.17,11.19
2018-12-08 09:00:00+00:00,Boston University,Lyft,Lyft,19.0,1.0,4.74,2.7878947368421056,1.48,0.9,19.5,10.5,7.0,0.0,2.0,1.0789473684210529,1.0,39.0,10.97
2018-12-08 10:00:00+00:00,Boston University,Lyft,Lyft,10.0,1.0,4.66,3.0340000000000003,1.5,0.89,13.5,10.45,7.0,0.0,1.5,1.05,1.0,38.83,11.34
2018-12-08 11:00:00+00:00,Boston University,Lyft,Lyft,8.0,1.0,3.48,2.75125,1.53,0.9,11.0,9.625,7.0,0.0,1.0,1.0,1.0,38.77,10.69
2018-12-08 12:00:00+00:00,Boston University,Lyft,Lyft,11.0,1.0,4.47,3.071818181818182,2.65,0.91,22.5,11.590909090909092,9.0,0.003,1.75,1.068181818181818,1.0,38.28,10.45
2018-12-08 13:00:00+00:00,Boston University,Lyft,Lyft,9.0,1.0,4.79,2.6277777777777778,1.49,0.91,13.5,10.555555555555555,7.0,0.0,1.5,1.0833333333333333,1.0,37.41,10.51
2018-12-08 14:00:00+00:00,Boston University,Lyft,Lyft,10.0,1.0,4.62,2.909,1.5,0.92,13.5,9.95,7.0,0.0,1.0,1.0,1.0,36.36,9.55
2018-12-08 15:00:00+00:00,Boston University,Lyft,Lyft,9.0,1.0,4.6,3.2988888888888885,2.66,0.92,16.5,13.055555555555555,9.0,0.003,1.5,1.1388888888888888,1.0,34.88,9.72
2018-12-08 16:00:00+00:00,Boston University,Lyft,Lyft,11.0,1.0,4.7,3.362727272727273,2.62,0.92,16.5,11.636363636363637,9.0,0.0029,1.5,1.068181818181818,1.0,34.57,8.93
2018-12-08 17:00:00+00:00,Boston University,Lyft,Lyft,13.0,0.99,4.76,3.3453846153846154,1.46,0.91,22.5,12.538461538461538,7.0,0.0,2.0,1.1730769230769231,1.0,34.55,7.56
2018-12-08 18:00:00+00:00,Boston University,Lyft,Lyft,11.0,0.9,4.72,3.0481818181818183,1.45,0.91,13.5,10.909090909090908,7.0,0.0,1.25,1.0454545454545454,1.0,35.4,7.14
2018-12-08 19:00:00+00:00,Boston University,Lyft,Lyft,14.0,0.93,3.55,2.4735714285714288,1.46,0.9,19.5,9.571428571428571,7.0,0.0,1.75,1.0535714285714286,1.0,36.12,6.81
2018-12-08 20:00:00+00:00,Boston University,Lyft,Lyft,8.0,0.9,4.6,2.68375,1.49,0.88,13.5,9.875,7.0,0.0,1.0,1.0,1.0,37.08,7.44
2018-12-08 21:00:00+00:00,Boston University,Lyft,Lyft,11.0,0.88,4.59,3.0345454545454547,1.46,0.83,13.5,11.136363636363637,7.0,0.0,1.5,1.068181818181818,1.0,39.16,6.55
2018-12-08 22:00:00+00:00,Boston University,Lyft,Lyft,16.0,0.94,4.46,2.7425000000000006,1.49,0.8,13.5,9.90625,7.0,0.0,1.0,1.0,1.0,40.15,6.44
2018-12-08 23:00:00+00:00,Boston University,Lyft,Lyft,8.0,0.93,4.59,3.483750000000001,2.91,0.78,13.5,11.375,10.5,0.0,1.0,1.0,1.0,40.96,7.49
2018-12-09 00:00:00+00:00,Boston University,Lyft,Lyft,12.0,0.81,4.58,2.5191666666666666,1.49,0.76,13.5,10.25,7.0,0.0,1.25,1.0416666666666667,1.0,40.78,8.82
2018-12-09 01:00:00+00:00,Boston University,Lyft,Lyft,10.0,0.78,4.59,2.647,1.5,0.73,19.5,10.75,7.0,0.0,1.75,1.125,1.0,40.44,9.31
2018-12-09 02:00:00+00:00,Boston University,Lyft,Lyft,15.0,0.73,4.74,3.0860000000000003,1.46,0.69,19.5,11.0,7.0,0.0,2.0,1.0666666666666669,1.0,40.28,8.98
2018-12-09 03:00:00+00:00,Boston University,Lyft,Lyft,8.0,0.7,4.59,3.145,1.6,0.7,19.5,12.0625,7.0,0.0,2.0,1.125,1.0,39.54,9.6
2018-12-09 04:00:00+00:00,Boston University,Lyft,Lyft,6.0,0.74,4.63,3.155,1.49,0.71,13.5,10.333333333333334,7.0,0.0,1.0,1.0,1.0,38.51,9.62
2018-12-09 05:00:00+00:00,Boston University,Lyft,Lyft,13.0,0.64,4.6,3.1300000000000003,1.5,0.71,22.5,11.73076923076923,7.0,0.0,1.75,1.1153846153846154,1.0,37.22,8.88
2018-12-09 06:00:00+00:00,Boston University,Lyft,Lyft,14.0,0.53,4.72,3.117142857142857,1.53,0.7,22.5,11.285714285714286,7.0,0.0,1.75,1.0535714285714286,1.0,36.92,8.69
2018-12-09 07:00:00+00:00,Boston University,Lyft,Lyft,10.0,0.29,4.28,2.5780000000000003,1.49,0.69,13.5,9.6,7.0,0.0,1.0,1.0,1.0,36.41,9.92
2018-12-09 08:00:00+00:00,Boston University,Lyft,Lyft,5.0,0.59,3.48,3.064,1.94,0.68,16.5,11.6,9.0,0.0,1.5,1.1,1.0,36.24,9.0
2018-12-09 09:00:00+00:00,Boston University,Lyft,Lyft,12.0,0.78,4.53,2.651666666666667,1.49,0.66,16.5,10.958333333333334,7.0,0.0,1.75,1.1041666666666667,1.0,35.88,10.69
2018-12-09 10:00:00+00:00,Boston University,Lyft,Lyft,17.0,0.91,4.75,3.1876470588235297,1.53,0.65,22.5,11.852941176470589,9.0,0.0152,2.0,1.161764705882353,1.0,34.96,11.94
2018-12-09 11:00:00+00:00,Boston University,Lyft,Lyft,7.0,0.99,3.54,3.145714285714285,2.73,0.61,11.0,10.5,9.0,0.0,1.0,1.0,1.0,33.67,13.03
2018-12-09 12:00:00+00:00,Boston University,Lyft,Lyft,13.0,1.0,4.72,3.355384615384616,1.49,0.58,13.5,10.807692307692308,7.0,0.0,1.0,1.0,1.0,30.09,12.92
2018-12-09 13:00:00+00:00,Boston University,Lyft,Lyft,10.0,0.98,4.54,3.178,1.57,0.55,22.5,11.85,7.0,0.0,2.0,1.15,1.0,28.49,15.23
2018-12-09 14:00:00+00:00,Boston University,Lyft,Lyft,9.0,0.8,4.72,3.640000000000001,1.49,0.54,16.5,12.22222222222222,7.0,0.0,1.0,1.0,1.0,27.41,17.06
2018-12-09 15:00:00+00:00,Boston University,Lyft,Lyft,10.0,0.79,4.6,3.052,1.96,0.52,13.5,10.6,9.0,0.0,1.5,1.05,1.0,25.5,17.81
2018-12-09 16:00:00+00:00,Boston University,Lyft,Lyft,8.0,0.64,4.62,3.1175,1.92,0.53,13.5,10.9375,9.0,0.0,1.5,1.0625,1.0,23.95,16.02
2018-12-09 17:00:00+00:00,Boston University,Lyft,Lyft,15.0,0.5,4.7,2.881333333333333,1.53,0.5,16.5,10.9,7.0,0.0,1.75,1.1,1.0,24.16,14.7
2018-12-09 18:00:00+00:00,Boston University,Lyft,Lyft,12.0,0.51,4.61,3.632499999999999,2.91,0.49,13.5,11.541666666666666,9.0,0.0,1.0,1.0,1.0,25.19,12.81
2018-12-09 19:00:00+00:00,Boston University,Lyft,Lyft,17.0,0.47,4.73,3.189411764705884,1.49,0.47,13.5,10.823529411764708,7.0,0.0,1.0,1.0,1.0,26.1,13.59
2018-12-09 20:00:00+00:00,Boston University,Lyft,Lyft,13.0,0.33,3.48,2.619230769230769,1.49,0.46,16.5,10.346153846153848,7.0,0.0,1.5,1.0384615384615383,1.0,26.98,14.68
2018-12-09 21:00:00+00:00,Boston University,Lyft,Lyft,13.0,0.31,4.61,2.9223076923076925,1.5,0.47,13.5,10.038461538461538,7.0,0.0,1.0,1.0,1.0,28.58,14.37
2018-12-09 22:00:00+00:00,Boston University,Lyft,Lyft,13.0,0.15,4.68,3.3223076923076915,1.52,0.46,16.5,12.461538461538462,9.0,0.0,1.5,1.1346153846153846,1.0,30.09,13.29
2018-12-09 23:00:00+00:00,Boston University,Lyft,Lyft,10.0,0.0,4.52,3.2260000000000004,1.6,0.45,16.5,11.45,9.0,0.0,1.25,1.025,1.0,30.96,12.93
